"Data Source","Indicadores do Desenvolvimento Mundial",

"Last Updated Date","2020-10-15",

"Country Name","Country Code","Indicator Name","Indicator Code","1960","1961","1962","1963","1964","1965","1966","1967","1968","1969","1970","1971","1972","1973","1974","1975","1976","1977","1978","1979","1980","1981","1982","1983","1984","1985","1986","1987","1988","1989","1990","1991","1992","1993","1994","1995","1996","1997","1998","1999","2000","2001","2002","2003","2004","2005","2006","2007","2008","2009","2010","2011","2012","2013","2014","2015","2016","2017","2018","2019","2020",
"Brasil","BRA","Exportações de alta tecnologia (% de exportações manufaturadas)","TX.VAL.TECH.MF.ZS","","","","","","","","","","","","","","","","","","","","","","","","","","","","","","","","","","","","","","","","","","","","","","","","","12.231996429853","14.1561829624485","12.0523401660687","10.5755774758681","11.2727771557656","10.431530300605","11.3634462941607","13.1387713190622","14.3371583972761","13.3129032206298","12.9506134545756","","",
"Brasil","BRA","Índice de termos de permuta líquida (2000 = 100)","TT.PRI.MRCH.XD.WD","","","","","","","","","","","","","","","","","","","","","73.88535032","61.93181818","59.64912281","57.66871166","62.17948718","62.06896552","73.38709677","65.24822695","84.29752066","74.26470588","66.44295302","78.90625","81.96721311","87.27272727","100.952381","110.3773585","108.3333333","114.4230769","114.2857143","103.1578947","100","99.8237338","98.47395379","97.1082248","97.95061893","98.75548329","103.9666645","106.1469652","110.0855786","107.2763469","124.44568","134.1583015","126.3308289","123.7562524","119.5611926","106.4117106","109.6413998","115.9902204","113.5032368","","",
"Brasil","BRA","Comércio de mercadorias (% do PIB)","TG.VAL.TOTL.GD.ZS","18.0013017364171","18.7899670004455","13.4947322453654","12.5665263061942","12.6957084591623","12.3542710487708","11.9611052005107","10.8558381761016","11.8461860702129","12.2160560361648","13.2017879280432","13.4235807951506","14.9882961497004","16.6475237947584","21.0384629585154","17.9954023030606","15.6237288964392","14.4047312245801","13.8012335213725","15.5790014821419","19.1865022619235","17.9738216228537","14.6420273445436","19.035484729188","20.1962538426057","17.9288147968167","14.1367913530874","14.5553595710219","14.9967895327411","12.7510803631741","11.6756774411577","9.05135520684736","14.705219742673","15.1117439340883","14.2869173853212","13.0823209882063","12.3147630338316","13.274009254352","12.9430322825974","16.6469638114201","17.3570974282055","20.8571294982993","21.6870345089451","22.2245338864314","24.3697805845773","21.9998161799279","21.0939419765206","20.5638263723287","22.4267891637422","17.1966765375445","17.8123523237019","18.8442708987175","19.3078933446319","19.9202774804426","18.9030213777478","20.5427836662643","18.3016633664725","18.1925708719265","22.6906371303423","22.2721135562739","",
"Brasil","BRA","População, total","SP.POP.TOTL","72179226","74311343","76514328","78772657","81064571","83373530","85696505","88035814","90387079","92746614","95113265","97482920","99859383","102259497","104706198","107216205","109790938","112425392","115121153","117878411","120694009","123570327","126498314","129448819","132383568","135274080","138108912","140891602","143627503","146328304","149003223","151648011","154259380","156849078","159432716","162019896","164614688","167209040","169785250","172318675","174790340","177196054","179537520","181809246","184006481","186127103","188167356","190130443","192030362","193886508","195713635","197514534","199287296","201035903","202763735","204471769","206163058","207833831","209469333","211049527","",
"Brasil","BRA","Crescimento da população (anual %)","SP.POP.GROW","","2.9111328978629","2.92144124690258","2.9087926849475","2.86800656761809","2.80848629575092","2.7481170079219","2.6931665982978","2.63576168083875","2.57698683160796","2.51972504945297","2.46087385937608","2.40858432323618","2.37506444021468","2.36446430267005","2.368908942493","2.37305905363067","2.37118256263002","2.36952587451652","2.36685998038497","2.36048134431235","2.35519519741772","2.34185366295495","2.30566029268196","2.2417944097115","2.1599415505218","2.07396487355581","1.9948223293103","1.92323487718489","1.86295914507552","1.81151817880662","1.75941817375769","1.70733529878176","1.66485850824113","1.63379335720083","1.60971525422645","1.58883762636286","1.56372474049748","1.52896370271808","1.48111209937399","1.42416743408748","1.36695707635304","1.31274418552691","1.25738273806831","1.2012941278805","1.14588099838722","1.0901968535216","1.0378620369676","0.994311623883366","0.96194826263909","0.937956737505973","0.915962656318059","0.893531057922595","0.873603191241425","0.855792022891126","0.838848282593092","0.823748231993439","0.807147162261819","0.783847578971981","0.75154842651724","",
"Brasil","BRA","Taxa de fertilidade, total (nascimentos por mulher)","SP.DYN.TFRT.IN","6.061","6.031","5.981","5.91","5.818","5.703","5.57","5.424","5.272","5.12","4.972","4.836","4.712","4.6","4.502","4.415","4.339","4.267","4.195","4.12","4.037","3.943","3.838","3.723","3.6","3.471","3.342","3.217","3.101","2.995","2.902","2.822","2.754","2.693","2.639","2.588","2.536","2.483","2.426","2.365","2.3","2.232","2.163","2.097","2.033","1.976","1.925","1.882","1.847","1.818","1.796","1.781","1.771","1.764","1.758","1.753","1.747","1.739","1.73","","",
"Brasil","BRA","Expectativa de vida no nascimento, total (anos)","SP.DYN.LE00.IN","54.143","54.634","55.13","55.627","56.121","56.61","57.091","57.563","58.025","58.475","58.911","59.332","59.739","60.132","60.513","60.884","61.243","61.595","61.942","62.286","62.63","62.976","63.326","63.68","64.039","64.406","64.782","65.165","65.553","65.947","66.343","66.742","67.141","67.539","67.932","68.318","68.695","69.061","69.419","69.769","70.116","70.462","70.813","71.17","71.531","71.896","72.26","72.618","72.966","73.3","73.619","73.921","74.209","74.483","74.745","74.994","75.23","75.456","75.672","","",
"Brasil","BRA","Taxa de mortalidade infantil (por 1.000 nascidos vivos):","SP.DYN.IMRT.IN","127.2","123.9","120.8","117.9","115.2","112.8","110.5","108.4","106.3","104.1","101.8","99.4","97.1","94.7","92.4","90","87.6","85.1","82.4","79.5","76.5","73.4","70.5","67.7","65.1","62.7","60.5","58.4","56.4","54.4","52.4","50.3","48.1","45.8","43.3","40.9","38.5","36.3","34.2","32.2","30.3","28.5","26.7","25","23.5","22","20.6","19.4","18.4","17.5","16.7","16","15.4","14.9","14.5","14","14.6","13.2","12.8","12.4","",
"Brasil","BRA","Uso de método anticoncepcional (% de mulheres de 15 a 19 anos de idade)","SP.DYN.CONU.ZS","","","","","","","","","","","","","","","","","","","","","","","","","","","66.2","","","","","59.2","","","","","76.7","","","","","","","","","","80.3","","","","","","","80.2","","","","","","","",
"Brasil","BRA","Taxa de fertilidade de adolescentes (nascimentos por 1.000 mulheres de 15 a 19 anos de idade)","SP.ADO.TFRT","89.8818","89.7404","89.599","88.102","86.605","85.108","83.611","82.114","80.4488","78.7836","77.1184","75.4532","73.788","73.808","73.828","73.848","73.868","73.888","75.0802","76.2724","77.4646","78.6568","79.849","80.2314","80.6138","80.9962","81.3786","81.761","82.1542","82.5474","82.9406","83.3338","83.727","83.834","83.941","84.048","84.155","84.262","83.578","82.894","82.21","81.526","80.842","78.904","76.966","75.028","73.09","71.152","69.7322","68.3124","66.8926","65.4728","64.053","63.0646","62.0762","61.0878","60.0994","59.111","57.8858","","",
"Brasil","BRA","Migração, total líquido","SM.POP.NETM","","","0","","","","","0","","","","","0","","","","","0","","","","","0","","","","","0","","","","","0","","","","","0","","","","","0","","","","","0","","","","","15924","","","","","106000","","","",
"Brasil","BRA","Desemprego, total (% da força de trabalho total)","SL.UEM.TOTL.ZS","","","","","","","","","","","","","","","","","","","","","","","","","","","","","","","","6.37200021743774","6.42000007629395","6.03000020980835","6.22900009155273","6.4210000038147","7.25299978256226","8.15799999237061","9.42300033569336","10.2080001831055","9.89500045776367","9.60999965667725","9.37100028991699","9.99100017547607","9.10499954223633","9.56799983978271","8.63899993896484","8.32699966430664","7.34299993515015","8.52200031280518","7.73600006103516","6.91699981689453","7.18599987030029","6.97599983215332","6.66099977493286","8.42700004577637","11.6000003814697","12.8219995498657","12.3339996337891","12.0830001831055","11.9659996032715",
"Brasil","BRA","Pobreza, linha de pobreza nacional (% da população)","SI.POV.NAHC","","","","","","","","","","","","","","","","","","","","","","","","","","","","","","","","","","","","","","","","","","","","","","","","","","","","","","","","","","","","","",
"Brasil","BRA","Índice de Gini","SI.POV.GINI","","","","","","","","","","","","","","","","","","","","","","58","58.4","59","58.4","55.6","58.5","59.7","61.4","63.3","60.5","","53.2","60.1","","59.6","59.9","59.8","59.6","59","","58.4","58.1","57.6","56.5","56.3","55.6","54.9","54","53.7","","52.9","53.5","52.8","52.1","51.9","53.3","53.3","53.9","","",
"Brasil","BRA","Pobreza, US$1,90/dia (PPP) (% da população)","SI.POV.DDAY","","","","","","","","","","","","","","","","","","","","","","21.3","21.7","27.4","26.7","23","10.5","17.7","20","18.2","21.5","","20.7","19.8","","12.9","14.1","14","12.7","13.3","","11.5","10.2","11","9.7","8.6","7.2","6.7","5.5","5.4","","4.7","3.7","3.1","2.7","3.2","3.9","4.4","4.4","","",
"Brasil","BRA","Participação da renda dos 20% mais pobres","SI.DST.FRST.20","","","","","","","","","","","","","","","","","","","","","","2.7","2.6","2.6","2.7","2.9","2.7","2.4","2.1","2","2.3","","2.8","2.4","","2.4","2.2","2.3","2.4","2.5","","2.5","2.6","2.6","2.9","2.9","3","3","3.2","3.2","","3.3","3.3","3.5","3.6","3.6","3.3","3.2","3.1","","",
"Brasil","BRA","Prevalência da desnutrição, peso para a idade (% de crianças menores de 5 anos):","SH.STA.MALN.ZS","","","","","","","","","","","","","","","","","","","","","","","","","","","","","","5.6","","","","","","","4.5","","","","","","3.7","","","","","2.2","","","","","","","","","","","","","",
"Brasil","BRA","Partos assistidos por pessoal de saúde qualificado (% do total):","SH.STA.BRTC.ZS","","","","","","","","","","","","","","","","","","","","","","","","","","","","","","","","69.5","","","","","87.6","98.6","98.6","98.6","98.6","98.3","98.5","98.4","98.6","98.6","97","98.6","98.8","98.9","98.9","99","99","99.1","99.1","99.2","","","","","",
"Brasil","BRA","Imunização, sarampo (% de crianças de 12 a 23 meses)","SH.IMM.MEAS","","","","","","","","","","","","","","","","","","","","","57","73","66","68","73","67","67","64","62","60","78","85","91","85","77","87","80","99","95","99","99","99","96","97","97","98","99","99","99","99","99","99","99","98","97","96","95","91","92","91","",
"Brasil","BRA","Taxa de mortalidade, menores de 5 anos (por 1.000 nascidos vivos)","SH.DYN.MORT","168.9","164.1","159.7","155.5","151.7","148.2","145","141.9","138.9","135.8","132.5","129.1","125.7","122.3","118.9","115.6","112.2","108.5","104.6","100.4","96.1","91.8","87.6","83.7","80.2","76.9","73.9","71","68.3","65.6","62.9","60.1","57.1","54","50.9","47.8","44.8","42","39.4","37","34.6","32.4","30.3","28.3","26.4","24.7","23.2","21.8","20.6","19.6","18.7","17.9","17.3","16.7","16.2","15.7","16.4","14.8","14.4","13.9","",
"Brasil","BRA","Prevalência de HIV, total (% de população de 15 a 49 anos)","SH.DYN.AIDS.ZS","","","","","","","","","","","","","","","","","","","","","","","","","","","","","","","0.2","0.2","0.2","0.3","0.3","0.3","0.3","0.3","0.3","0.4","0.4","0.4","0.4","0.4","0.4","0.5","0.5","0.5","0.5","0.5","0.5","0.5","0.5","0.5","0.5","0.5","0.5","0.5","0.5","0.5","",
"Brasil","BRA","Despesa pública na educação, total (% do PIB)","SE.XPD.TOTL.GD.ZS","","","","","","","","","","","","","","","","","","","","","","","","","","","","","","","","","","","","4.56816005706787","","","4.75665998458862","3.80062007904053","3.94893002510071","3.84468007087708","3.75037002563477","","3.97447991371155","4.47908020019531","4.87060022354126","4.97425985336304","5.26883983612061","5.46355009078979","5.64879989624023","5.73741006851196","5.85510015487671","5.8388500213623","5.94848012924194","6.24105978012085","6.314040184021","6.32254981994629","","","",
"Brasil","BRA","Matrícula escolar, ensino médio (% bruto)","SE.SEC.ENRR","","","","","","","","","","","","","","","","","","","","","","","","","","","","","","","","","","","","","","","","","","","109.994216918945","101.868667602539","102.371032714844","101.2919921875","","95.1699981689453","96.7201232910156","96.6654815673828","","95.2633819580078","","","","","","","","","",
"Brasil","BRA","Matrícula escolar, ensino fundamental (% bruto)","SE.PRM.ENRR","","","","","","","","","","","","","","","","","","","","","","","","","","","","","","","","","","","","","","","","165.645385742188","","150.785552978516","146.827789306641","140.544494628906","133.696304321289","133.262161254883","","128.179794311523","132.055206298828","131.165161132813","","132.496612548828","","","","","","","","","",
"Brasil","BRA","Taxa de conclusão do ensino fundamental, total (% de faixa etária relevante)","SE.PRM.CMPT.ZS","","","","","","","","","","","","","","","","","","","","","","","","","","","","","","","","","","","","","","","","","","112.229606628418","114.199432373047","109.366607666016","100.684646606445","","","","","","","","","","","","","","","","",
"Brasil","BRA","Proporção meninas/meninos nos ensinos fundamental e médio (%)","SE.ENR.PRSC.FM.ZS","","","","","","","","","","","","","","","","","","","","","","","","","","","","","","","","","","","","","","","","","","","1.0129599571228","1.03544998168945","1.03352999687195","1.02884995937347","","1.04399001598358","1.03873002529144","1.04416000843048","","1.02593004703522","","","","","","","","","",
"Brasil","BRA","Taxa de alfabetização, total de adultos (% de pessoas com 15 anos ou mais)","SE.ADT.LITR.ZS","","","","","","","","","","","","","","","","","","","","","74.5867309570313","","","","","","","","","","","","","","","","","","","","86.3678817749023","","","","88.6162414550781","","89.6152267456055","90.0093688964844","90.03662109375","90.298210144043","90.3791809082031","91.4112396240234","91.3378524780273","91.4842376708984","91.7294311523438","92.0478973388672","92.8084411621094","93.0758209228516","93.2275009155273","","",
"Brasil","BRA","RNB per capita, PPP ($ internacional atual)","NY.GNP.PCAP.PP.CD","","","","","","","","","","","","","","","","","","","","","","","","","","","","","","","6520","6760","6780","7110","7420","7970","8060","8310","8200","8160","8800","8960","9250","9420","10140","10670","11350","12280","12990","12980","13860","14650","14670","15370","15430","14470","13950","14250","14520","14850","",
"Brasil","BRA","RNB per capita, método Atlas (US$ atual)","NY.GNP.PCAP.CD","","","","","","","280","310","370","410","450","510","590","760","980","1180","1360","1490","1680","1970","2200","2090","2010","1730","1630","1580","1800","2050","2260","2760","2730","3280","3170","3090","3030","3760","4460","5020","4840","4120","3930","3350","3090","2980","3340","4000","4850","6190","7620","8320","9650","11080","12310","12790","12120","10190","8920","8700","9080","9130","",
"Brasil","BRA","RNB, PPP ($ internacional atual)","NY.GNP.MKTP.PP.CD","","","","","","","","","","","","","","","","","","","","","","","","","","","","","","","971958751416.345","1024393151205.33","1046628720898.72","1115145772070.52","1183401350205.99","1291380780995.78","1327601778272.37","1389212623180.84","1391681123066.13","1406472614162.11","1538129202525.13","1587691758684.04","1660196184117.21","1713529500931.72","1865227767451.45","1986218399261.88","2135907584142.05","2335440097782.97","2493769549044.97","2515775629776.84","2712167338494.9","2894294561187.89","2923719823241.04","3090347659210.83","3127764536961.12","2958026429307.17","2876740136507.09","2961280980576.57","3041123356393.52","3134970431394.81","",
"Brasil","BRA","RNB, método Atlas (US$ atual)","NY.GNP.ATLS.CD","","","","","","","23652719263.6785","27284844196.4268","33783381116.439","38464481847.5918","42676319834.3488","49333934414.1925","59181570691.8089","77769954639.8915","102771057123.646","126660628603.433","149591618100.552","167757714503.167","193343515409.989","232359917428.957","265943037420.998","258616663815.922","254812549863.468","223410392284.419","215480414611.018","213647286293.256","248978509417.029","288960953821.376","325226621205.02","404313302388.914","407396519747.758","496943272787.596","488536360417.852","484379062396.804","482312479827.234","608397907318.463","733743624738.618","838749280473.242","822019637109.784","710237212817.793","687360261722.071","593608679520.33","555587833685.46","542636019083.71","615417800633.269","743965964942.594","912940405431.438","1177503044167.77","1462676824719.49","1614015615291.7","1887920101671.44","2188989722562.72","2453821974856.44","2571096779327.01","2456973659048.14","2084231874786.18","1839984300138.5","1808309847372.21","1902286218698.39","1926332314781.08","",
"Brasil","BRA","PIB per capita, PPP ($ internacional atual)","NY.GDP.PCAP.PP.CD","","","","","","","","","","","","","","","","","","","","","","","","","","","","","","","6701.20904431983","6909.92174583214","6915.3127018945","7287.07540308775","7712.67167399525","8090.89000017257","8288.17894975527","8582.0677464321","8575.87351669118","8611.90022971288","9060.78639942992","9260.76595917983","9568.06384730739","9733.77081647566","10445.3445102854","10988.9586831226","11642.44394693","12549.9279757162","13312.7634157633","13269.1185715791","14299.5516973717","15040.0581828206","15046.2898798158","15588.7262064568","15718.5656477083","14744.1129133865","14256.1632471211","14519.8491302518","14940.6726059252","15258.8508327006","",
"Brasil","BRA","PIB per capita (US$ atual)","NY.GDP.PCAP.CD","210.109899384623","205.04076826426","260.425653075282","292.252136324528","261.66661956418","261.354354519834","315.797202907062","347.493056109702","374.786775401462","403.884267342212","445.02310059739","504.749516124995","586.214404973525","775.273300345189","1004.10491009099","1153.8309583695","1390.62497537665","1567.00618230231","1744.25712944487","1908.48762658653","1947.27643012721","2132.8833173447","2226.76726079559","1570.5397473792","1578.92641703719","1648.08210438614","1941.49110905835","2087.3076054076","2300.37684355265","2908.49615806386","3100.28046842987","3975.39008935633","2596.91987612034","2791.20912422419","3500.61148991066","4748.21552893015","5166.16374470632","5282.00882754111","5087.152221014","3478.37272997644","3749.75324996168","3156.79871788773","2829.28319217077","3070.91049061377","3637.46238925733","4790.43708777366","5886.46358837728","7348.03079355548","8831.02311697566","8597.91535151623","11286.2430162457","13245.6124995448","12370.0242007149","12300.3248822758","12112.5882059697","8814.00098681261","8710.09668954121","9925.38623770041","9001.23424863499","8717.18627810819","",
"Brasil","BRA","Aumento do PIB (% anual)","NY.GDP.MKTP.KD.ZG","","10.275911554301","5.21605942017898","0.874672592408302","3.4855823042772","3.05348789366924","4.15036023303348","4.91526567501124","11.4272823832672","9.73582688991279","8.76994747172604","11.2950868433502","12.0528022500388","13.9786916510762","9.04212031316945","5.20907590114368","9.79041016147646","4.60631806113751","3.23170956333574","6.76628496532688","9.11096015517168","-4.39335720034877","0.58024555339469","-3.40979347371638","5.26914314976867","7.94586174871237","7.98829510486274","3.59962946680869","-0.102672718383729","3.27945885796423","-3.10235594875007","1.51193723815426","-0.466913211737747","4.66516899045995","5.3345517016817","4.41673135543735","2.20753552677458","3.39484598484417","0.338097902952455","0.467937567378257","4.38794944267383","1.38989640325894","3.05346185795254","1.14082899810009","5.75996463871775","3.20213137990235","3.96198872184989","6.06987060771837","5.09419544732717","-0.125811999414864","7.52822583005563","3.97442540583816","1.92115031836302","3.00484630505706","0.503955740242247","-3.54576339269425","-3.27591690782192","1.32286905404399","1.31722399870793","1.13658557200958","",
"Brasil","BRA","PIB, (US$ atual)","NY.GDP.MKTP.CD","15165569912.5199","15236854859.469","19926293839.0163","23021477292.2093","21211892259.9904","21790035117.19","27062716577.9111","30591834053.9653","33875881876.3672","37458898243.8609","42327600098.2412","49204456700.4516","58539008786.3684","79279057730.829","105136007528.76","123709376567.89","152678020452.829","176171284311.761","200800891870.164","224969488835.181","235024598983.261","263561088977.129","281682304161.041","203304515490.795","209023912696.839","222942790435.299","268137224729.722","294084112392.66","330397381998.489","425595310000","461951782000","602860000000","400599250000","437798577639.752","558111997497.263","769305386182.849","850426432991.742","883199625324.675","863723411632.917","599388579985.673","655420645476.906","559372276081.966","507962487700.024","558319920831.979","669316654017.094","891630177251.068","1107640289615.23","1397084349956.35","1695824565983.2","1667019783585.08","2208871646202.82","2616200980392.16","2465188674415.03","2472806919901.67","2455993625159.37","1802214373741.32","1795700168991.49","2062831045935.95","1885482534238.33","1839758040765.62","",
"Brasil","BRA","Inflação, deflator do PIB (% anual)","NY.GDP.DEFL.KD.ZG","","31.3025287643829","78.830758163645","69.766387530585","93.834679163515","51.3848679661146","39.4058905169358","29.2448362432431","26.6706789265929","20.9140226805464","17.0922848011679","20.2538929346553","19.1444079459279","22.6648530161981","34.800185694925","33.8622773230244","47.6269851502394","46.179565282369","41.0598003115908","56.480574203257","87.3068753333793","107.214033815378","104.83236356285","140.195627923097","212.785781721096","231.723499114601","145.271542160188","204.103424970658","651.113855704521","1209.12132836991","2700.44214011056","414.236261670349","968.184255515357","2001.34772635114","2302.84077822226","89.4974402737941","18.457783497873","7.72902341336797","4.92436158306298","8.01050088213842","5.60606514569551","8.22509431879853","9.79811223877498","14.0910215232072","7.75206076116663","7.43122546680286","6.77427409887123","6.43903809050693","8.77855272640775","7.31348273630748","8.42333832793074","8.31856504451336","7.94317879024118","7.50453986480659","7.84670974352809","7.56617501207116","8.10360435870246","3.63738088286291","3.28543989750865","4.15427431602915","",
"Brasil","BRA","Indústria, valor agregado (% do PIB)","NV.IND.TOTL.ZS","31.8002576608097","36.6037574004249","29.8408509225192","34.7669925593773","32.025240703631","29.9262322047748","29.8027183631122","29.1554139943599","30.689019188075","31.3121831745651","32.1836943042848","32.7221394805183","32.7411376610944","33.4220882134978","34.818586992702","35.4712758323878","34.9798410825771","34.0516019584516","35.5206136714879","36.5195902597631","39.5924244551796","39.2426592561605","40.9865107288835","39.4847394249596","41.6758277528105","41.2405311681575","40.1931956432471","41.2928406109002","39.4469745508074","42.2838306183402","32.8306185471106","31.5126231629234","33.9875979548139","36.12568024738","34.6669431980292","23.3814603902749","22.340114560034","22.5941476157036","22.1187903791379","21.746711247782","23.0066186321239","22.6395279130452","22.4953278200255","23.0838178175003","24.306623290035","24.172578278061","23.5440216715158","23.1253804129963","23.0852937543312","21.8785926286899","23.2679516203289","23.102056242361","22.1336473676777","21.2248287058771","20.4724627454143","19.3600439775462","18.3465915326172","18.181269964284","18.1291453541619","17.922226420092","",
"Brasil","BRA","Agricultura, valor agregado (% do PIB)","NV.AGR.TOTL.ZS","17.6669984863859","17.0953443122149","15.5345971129842","15.1256508327325","15.8382553714566","16.6744203718272","13.3153290920432","13.0130974006677","11.8264656488062","11.0760635261432","10.3736196442959","11.0141806134572","11.0689555998505","11.4458587669917","11.2290046802688","10.682677451792","11.4546890558027","12.9308376062278","10.2766017150625","9.89989545081435","9.94992801693452","9.63639087003226","8.06276475876768","9.82620213814722","10.4483020752953","10.5037631908331","9.93001193503835","9.00894159808701","9.14234559784443","8.44158738497377","6.87330085891951","6.78880668811996","6.77995215917154","6.56356958504316","8.53641105265961","5.01166646465693","4.76841121077967","4.68504702949228","4.7500447835131","4.64598154008681","4.75045997570861","4.80104301642181","5.47527489339298","6.1671843856504","5.66531157603221","4.65116882283132","4.37004377798394","4.41691543601929","4.56785118317928","4.47677399196415","4.11575648758173","4.34203511988559","4.1683282240444","4.50690493825609","4.32561053879483","4.31913275104669","4.89135358685971","4.60210115900505","4.41853769167898","4.43654479334605","",
"Brasil","BRA","Importação de bens e serviços (% do PIB)","NE.IMP.GNFS.ZS","7.11728554327239","7.33945907077904","5.18897394767796","9.11100002127562","5.6776000056402","5.55592484290456","5.99166922704867","5.7689710655619","6.61038441129829","6.55371309699865","7.44975914768755","8.13797343242644","8.844075564518","9.50158099803278","13.8837280806904","11.5055803106496","9.43261782257726","7.91774763658594","7.86439435789246","9.17556778799975","11.3058307064925","9.79944909521963","8.27447902353463","9.00834119424021","7.92438729311929","7.09531456076386","6.35457655453407","6.19266264606477","5.69253804870036","5.46126798028507","6.9617655463444","7.91394353581263","8.38509433055603","9.09604605458896","9.66785406991572","9.45558496072482","8.90538179274132","9.59255968601575","9.40808459248784","11.4172682172491","12.4517133524146","14.564574352134","13.3877671308534","12.9596010144732","13.1324909668183","11.8429659423762","11.6673835813384","11.9649362669047","13.7235689068504","11.2546044679462","11.9065933373084","12.3518953217282","13.2367345412855","14.0437454364237","13.6734629958056","14.0534511983164","12.0670189851289","11.8046383594658","14.5080826628793","14.6542047944056","",
"Brasil","BRA","Formação de capital bruto (% do PIB)","NE.GDI.TOTL.ZS","19.6780413974776","21.3561394920416","19.6046602886702","19.2598842252764","18.6023979539362","20.0239246364581","19.8928911082915","16.9187144415426","18.9175615498156","22.3521986110469","20.5420321064948","21.1179144400702","21.17081373715","23.2440898268721","25.388690127755","26.83887314599","23.1162106570636","22.0691465995739","22.9732218599383","22.7644531016857","23.3464749539881","23.084120487215","21.093764431958","16.6820441120892","15.7405601052384","19.2007534697913","19.0931088921319","22.3046606068599","22.7185283455265","26.9027870631375","20.166606912234","19.7691006203762","18.9346023488561","20.8463587533397","22.9934893680231","17.2923463458623","17.2669463759545","17.7639856110956","18.1647519194741","17.3895597435179","18.9031192683871","18.7418602950836","17.4490794834956","16.8566884007152","17.9125683422575","17.2048834771385","17.8164738964017","19.8193259705999","21.6193828366983","18.7961350502449","21.8013215651568","21.8262760943346","21.4172253653349","21.6937669402108","20.5484107588347","17.4116425416713","14.9695469753696","14.630386283879","14.8293714110751","15.1129684771643","",
"Brasil","BRA","Exportação de bens e serviços (% do PIB)","NE.EXP.GNFS.ZS","7.05904647646368","7.27940794590105","3.86876017137378","9.03645424482606","6.38540927082227","7.73576138413985","6.82473507896306","5.7689710655619","6.00052600864501","6.6204037968306","7.02943634908589","6.41330674313925","7.259175691336","8.27167782462644","8.01311941176138","7.53857281945099","7.03571355665957","7.25236847121218","6.67557886823388","7.12390494963595","9.05272982472942","9.42035430772259","7.60968270162801","11.4218215925107","13.547584918489","12.2479596662611","8.81658867805845","9.4599432176942","10.8882167136928","8.92960968014427","8.19999001540815","8.67697309491424","10.8682492540862","10.5032702366843","9.66505138718782","7.52887503847073","6.73020968312685","6.98364957530895","7.03050033871807","9.5648982609794","10.1880480043795","12.37171066993","14.2305902713775","15.1807837086861","16.5457615119353","15.2438292665623","14.3743163008972","13.327675103099","13.5340005119683","10.8513711314233","10.8655847746965","11.5825153248769","11.8775598368351","11.7422306432624","11.0119428207843","12.9001914177405","12.4666790443888","12.5230753666957","14.8896998937494","14.3224188515098","",
"Brasil","BRA","Despesas militares (% do PIB)","MS.MIL.XPND.GD.ZS","2.67913472590723","2.36406619385343","2.39868330737835","2.26083918239834","2.01449809094829","3.35209215674899","3.0219816316073","2.85697200831844","2.64974015836375","2.61559000626652","2.88728955692843","2.61904685858105","2.43581199022501","2.15465130649243","1.94135341120892","1.97214379625895","2.00275336513055","1.68772647800164","1.59967155032807","1.52193168607333","1.13843442074363","1.14314876818876","1.30353436107498","1.25458032300474","1.19954104516533","1.42952312218953","1.22038872750142","1.74399403145367","2.1180722049862","2.68625","2.36384102519699","1.96333333333333","1.52152886115445","1.92792281498297","2.016007789121","1.86213698033379","1.65484349950291","1.57768831551774","1.66229191975824","1.64547466656987","1.73072614713627","1.95188244532532","1.89577119915617","1.50347763554507","1.46126840890621","1.52401339252107","1.48108489489303","1.46629209992902","1.44192404201012","1.53862567601211","1.53940698128362","1.41185115924524","1.37865646470437","1.3294461087607","1.330244423168","1.36551715396161","1.35015057288696","1.41952663807017","1.50768223787473","1.47602163484815","",
"Brasil","BRA","Assinatura de telefone celular (por 1.000 pessoas)","IT.CEL.SETS.P2","0","","","","","0","","","","","0","","","","","0","0","0","0","0","0","0","0","0","0","0","0","0","0","0","0.000447641","0.004418126","0.020744281","0.11603511","0.360032128","0.793441443","1.517576609","2.721144742","4.33972798","8.723777617","13.26627719","16.22257852","19.42823093","25.50654987","35.65363548","46.31799164","53.10093266","63.63005371","78.44665887","87.36326511","100.6214912","118.653296","124.6058852","134.8514284","138.4511833","126.0879559","118.3855945","105.0090244","98.8435013","","",
"Brasil","BRA","Tempo necessário para iniciar um negócio (dias)","IC.REG.DURS","","","","","","","","","","","","","","","","","","","","","","","","","","","","","","","","","","","","","","","","","","","","","","","","","","","","","","86.6","83.6","86","82.5","82.5","20.1","16.6","",
"Brasil","BRA","Índice da facilidade de fazer negócios (1 = regulamentações mais favoráveis ao usuário)","IC.BUS.EASE.XQ","","","","","","","","","","","","","","","","","","","","","","","","","","","","","","","","","","","","","","","","","","","","","","","","","","","","","","","","","","","","124","",
"Brasil","BRA","Receita, excluindo subsídios (% do PIB)","GC.REV.XGRT.GD.ZS","","","","","","","","","","","","","","","","","","","","","22.6116565046406","24.0502240304622","24.7323771009788","25.4140522244126","23.1810230161641","26.0899633879868","22.3304501884807","34.1107113953518","19.8159336762596","21.39038630597","22.7527878853185","20.7867347461946","23.0206031679699","25.2918301663341","26.3473476812004","","","21.5062833229014","18.3064904659344","19.2186569981324","19.5546641476175","20.5097866018968","21.460119919437","20.6973748729083","21.3622079592237","22.4238480365283","25.6877859277625","25.7507315291556","27.0091876538422","23.9755571361405","29.0006255256615","29.101930897173","28.8879978974381","27.8590612734704","26.5226514773046","28.5200949461167","28.8804310484468","27.8979674928675","29.0646385143197","","",
"Brasil","BRA","Dívida do governo central, total (% do PIB)","GC.DOD.TOTL.GD.ZS","","","","","","","","","","","","","","","","","","","","","","","","","","","","","","","","","","","","","","","","","","","","","","","63.9523563420216","62.4516834896092","60.6559304867725","63.8078274298857","61.3187804611479","59.3416718609879","59.8494899958247","57.228409380258","58.4572711058609","67.5375540277116","73.4188038096759","","","","",
"Brasil","BRA","Despesa com pesquisas e desenvolvimento (% do PIB)","GB.XPD.RSDV.GD.ZS","","","","","","","","","","","","","","","","","","","","","","","","","","","","","","","","","","","","","","","","","1.04751","1.06198","1.00968","0.99939","0.96343","1.00246","0.98807","1.08138","1.12904","1.11866","1.15992","1.13966","1.12684","1.19567","1.27131","1.34264","1.26417","1.26326","","","",
"Brasil","BRA","Inflação, preços ao consumidor (% anual)","FP.CPI.TOTL.ZG","","","","","","","","","","","","","","","","","","","","","","101.725072957927","100.54335919485","135.027682230472","192.121733132051","225.989665211895","147.142826237605","228.336162575513","629.114509120897","1430.7237251472","2947.73277248299","432.786661926461","951.962053052818","1927.38079016026","2075.88839757325","66.0070335542481","15.7576656002606","6.92671251629151","3.19507629280056","4.85844749902668","7.04414105947266","6.84035902487525","8.4501643770833","14.7149197228147","6.59718509985962","6.86953720898965","4.18356812896902","3.64127299102654","5.67859390284171","4.88803479876804","5.03872690108066","6.63644962213085","5.40349914037009","6.204310666401","6.32904015516142","9.02990102416129","8.73914352329393","3.44637335032672","3.66485028376724","3.73297621216894","",
"Brasil","BRA","Retiradas anuais de água doce, total (% de recursos internos)","ER.H2O.FWTL.ZS","","","","","","","","","","","","","","","","","","","","","","","","","","","","0.61897191308956","","","","","","","","","","0.968556792086204","","","","","","","","","","1.02579049637873","","","","","1.32096802685038","","1.32096802685038","","","","","","",
"Brasil","BRA","Emissões de CO2 (toneladas métricas per capita)","EN.ATM.CO2E.PC","0.649885938095263","0.662130490630481","0.701775502752896","0.706049422707679","0.69988434281605","0.676455225057641","0.750374965700176","0.751887373927161","0.856553523540682","0.909093360540364","0.985788081189306","1.05285790577467","1.14523768888097","1.29536175011696","1.37008801522905","1.40990572274033","1.41318072170947","1.44950777667735","1.53686278663314","1.59759917360949","1.55012118289981","1.39035226474718","1.36109838586465","1.28724347033247","1.27513316456314","1.33986354961719","1.44004763429025","1.47297777194698","1.4576852874759","1.46263196626676","1.4018957697311","1.44631375349855","1.43074430222655","1.47108700887614","1.51884768744704","1.59454172220923","1.7299968214258","1.79743463630914","1.83931792661612","1.85802904995643","1.87644130676787","1.90429563967604","1.85068207469948","1.76900557081679","1.83594643060426","1.8659770576239","1.84765454216193","1.91033417515363","2.01859347637953","1.8936200243495","2.14473639509072","2.22471194448911","2.35854836426703","2.50540878760348","2.63128988524501","2.46678804837845","2.24239344567735","","","","",
"Brasil","BRA","Uso de energia (kg do petróleo equivalente per capita)","EG.USE.PCAP.KG.OE","","","","","","","","","","","","715.840672396764","749.007882414014","801.676699035592","833.196970823064","849.574492960276","870.864415057643","878.912007707298","913.324851775937","948.397192086344","943.304012712015","883.881257350723","877.863605359989","879.251830022489","915.083841825445","956.232406089918","980.416926316819","998.398194095344","992.59372350155","993.905273445936","940.965867563818","942.038013277998","935.746474541775","943.3270433378","976.982183506176","994.289806234661","1030.66803492043","1066.1869896508","1075.19910003961","1083.40397812367","1072.37953767926","1076.27547394481","1090.34986670196","1094.42466968924","1141.49109780541","1156.90756762061","1184.14510219296","1238.41164142241","1294.48083319241","1240.17728453802","1358.5024160427","1367.18809766171","1413.73335709267","1461.07678089719","1495.54120710984","","","","","","",
"Brasil","BRA","Consumo de energia elétrica (kWh per capita)","EG.USE.ELEC.KH.PC","","","","","","","","","","","","459.885690744594","499.041737520049","554.628192626451","604.978513306347","651.496665079686","722.08145266051","790.221838852917","860.302363371917","941.699154733262","1016.653610371","1021.54783486168","1055.95083267276","1111.75212807465","1208.6243211091","1283.05437375734","1354.50346607611","1368.10851224475","1419.63061211194","1449.93138169633","1460.76034878789","1486.22457039677","1494.06149564454","1537.59271699385","1566.76124114953","1634.39803713983","1687.08517674923","1762.41069262762","1808.34318646643","1832.37829562002","1897.35313747888","1747.93960140896","1806.66971449756","1882.26400762918","1956.15935940865","2015.79992356084","2072.36264721709","2167.60658365478","2229.84529915118","2197.12554728151","2374.11665262872","2430.8033959668","2501.47405281669","2568.82970799499","2619.96061573831","","","","","","",
"Brasil","BRA","Serviço da dívida total (% de exportações de produtos, serviços e renda primária)","DT.TDS.DECT.EX.ZS","","","","","","","","","","","","","","","","43.8291052751786","38.3154353700257","42.8202912842339","58.4098097308303","63.1377316207356","63.6377355664876","66.5922874118783","82.1185150147003","54.9154356784849","45.5947727068366","39.3440559944044","46.4818301742867","41.8498559679777","45.9339243641203","36.5420809949249","22.6383320676081","23.4250892533899","21.2407373813995","25.1582593726477","31.2418390594001","38.5656818553246","43.6947788680517","59.8465348008431","80.7559155534618","116.563894236312","87.0046232489443","71.737227000055","72.04845901011","67.9217723764045","48.3562270957065","46.1865309932005","38.2485470826774","28.0520816048806","23.4712996136146","23.4889425989956","18.3752189034516","18.7304465826475","15.6603007623962","28.0022486784635","22.8977520770946","39.7320404043592","50.989942869944","34.605473882271","33.1458787794675","53.1280205603174","",
"Brasil","BRA","Assistência oficial para o desenvolvimento  (US$ atual, líquido)","DT.ODA.ODAT.CD","39580001.8310547","290709991.455078","179990005.493164","185220001.220703","235490005.493164","234550003.051758","320920013.427734","180669998.168945","219669998.168945","139080001.831055","136850006.103516","120069999.694824","94430000.3051758","65099998.4741211","129809997.558594","132580001.831055","92529998.7792969","67559997.5585938","89279998.7792969","87760002.1362305","83150001.5258789","227130004.882813","177690002.441406","106720001.220703","153559997.558594","84970001.2207031","147740005.493164","293089996.337891","218750000","232399993.896484","174380004.882813","196139999.389648","-235589996.337891","197520004.272461","259869995.117188","264329986.572266","257799987.792969","229789993.286133","260609985.351563","144380004.882813","255679992.675781","252020004.272461","236410003.662109","229300003.051758","178279998.779297","217240005.493164","110199996.948242","328589996.337891","468630004.882813","374809997.558594","464779998.779297","840690002.441406","1288540039.0625","1155729980.46875","914150024.414063","1003150024.41406","674630004.882813","273890014.648438","429160003.662109","","",
"Brasil","BRA","Ações da dívida externa, total (DOD, US$ atual)","DT.DOD.DECT.CD","","","","","","","","","","","5984162468.6","7726273573.1","11863655548.9","15066000213.8","22464958636","27781563139.4","33801318618.9","42500176105.4","55032094032.5","61795286977.7","71983934096.8","81914155928.9","94428719113.5","99022210538.2","104364922436.4","104173244270.1","109645181057.1","120476573202.5","118039405885","114930095027.7","120311895094.7","121336709129.8","129535948557.2","144599577124.3","152903103557.7","160964228343.5","181793526989.2","198980293495.1","241998415763.8","245114967226","242511685521.8","229959717402.1","231944181034.5","235907984168.4","220693592600.6","188364545589.9","194303018016.9","238444452622.6","262957236462.6","281651138432.4","352364412862.6","404046105342.1","440515187632.7","483765362833.9","556919631071.7","543397356309.8","543257228545.3","543000326110.9","557741343211.2","569398314074.4","",
"Brasil","BRA","Capitalização de mercado de empresas listadas (% do PIB)","CM.MKT.LCAP.GD.ZS","","","","","","","","","","","","","","","","","","","","","","","","","","","","","","","","","","","","","","","","","34.5049109393623","33.2940365411872","24.9548998340324","42.0117626558033","49.3557986369129","53.233604257693","64.1225727033392","98.0406995499448","34.9072399276626","80.2178650288198","69.9708225535385","46.9740757384697","49.7911998679477","41.2670848575827","34.360602216353","27.2184107033655","42.2430721527818","46.2817884131089","48.625451222775","64.5390134838533","",
"Brasil","BRA","Remessas pessoais, recebidas (US$ atual)","BX.TRF.PWKR.CD.DT","","","","","","","","","","","","","","","","82000000","81000000","61000000","113000000","73000000","111000000","124000000","57000000","29000000","46000000","40000000","40000000","42000000","32000000","120000000","573000000","1110000000","1791000000","1247000000","2068000000","2952000000","2059000000","1572000000","1236000000","1501000000","1349591000","1448914000","2003791000","2286680000","2812514000","2805358000","3287162000","3305694000","3642585000","2889159500","3082801866.11","3214602242.94","2784072055.49","2717675068.66","2647908513.04","2896909951.71","2739786526.59","2698770651.24","2933489276.49","3213621676.71","",
"Brasil","BRA","Investimento estrangeiro direto, ingressos líquidos (BoP, US$ atual)","BX.KLT.DINV.CD.WD","","","","","","","","","","","391700000","449000000","459900000","1180700000","1207900000","1302000000","1555000000","1833000000","2006000000","2419000000","1911000000","2520000000","2910000000","1609000000","1594000000","1441000000","345000000","1169000000","2804000000","1131000000","989000000","1103000000","2061000000","1292000000","3072000000","4859000000","12552000000","19650000000","31913000000","28384000000","32994718699.75","23225846372.251","16586600193.114","10123013670.9901","18181190855.2842","15459981604.1196","19378093068.2773","44579492463.6336","50716402711.4787","31480932200","82389933624.1","102427229784.41","92568379494.5","75211028087.44","87713987796.95","64738149686.45","74294617926.46","68885072605.58","78162572752.95","73503730876.25","",
"Brasil","BRA","Superfície (km²)","AG.SRF.TOTL.K2","","8515770","8515770","8515770","8515770","8515770","8515770","8515770","8515770","8515770","8515770","8515770","8515770","8515770","8515770","8515770","8515770","8515770","8515770","8515770","8515770","8515770","8515770","8515770","8515770","8515770","8515770","8515770","8515770","8515770","8515770","8515770","8515770","8515770","8515770","8515770","8515770","8515770","8515770","8515770","8515770","8515770","8515770","8515770","8515770","8515770","8515770","8515770","8515770","8515770","8515770","8515770","8515770","8515770","8515770","8515770","8515770","8515770","8515770","","",
"Brasil","BRA","Área florestal (km²)","AG.LND.FRST.K2","","","","","","","","","","","","","","","","","","","","","","","","","","","","","","","5467050","5441618.75","5416188.125","5390756.875","5365326.25","5339895","5314463.75","5289033.125","5263601.875","5238170.9375","5212740","5183660","5154580","5125500","5096420","5067340","5050788.125","5034235.9375","5017684.0625","5001131.875","4984580","4974740","4964900","4955060","4945220","4935380","4925540","","","","",
"Brasil","BRA","Terra cultivável (% de área terrestre)","AG.LND.AGRI.ZS","","18.0101075119584","18.6540306814674","19.3237969213246","19.8657835355713","20.386712833238","20.9489192571553","21.4867183368549","22.1607917551034","23.1843448422735","23.3780482260407","23.8847399062471","24.2681984269227","24.6300014117974","25.1303519682609","25.5339106547629","25.8439078550969","26.1481621509092","26.3263118349298","26.6223107054919","26.833482090513","27.0184514736532","27.2950680414542","27.3770240747343","27.508991234892","27.6426334088685","28.0032399553011","28.2109416688402","28.4377863974521","28.646564905589","28.9069099105782","29.305682843312","29.5172131598657","29.8467123068051","30.080616022225","30.9245836992441","30.990028882024","31.0554740648039","31.1207996037396","31.1982091709399","31.2756187381403","31.5219654133575","31.8094695709811","32.1206632097572","32.5589186110785","32.5948828028724","32.6369263974999","32.4998145520415","32.7225913899504","32.7273771437186","32.7181645677148","32.9466843101456","32.9746809696894","33.4478723735185","33.9284816956883","33.9887821931674","33.9245334488295","","","","",
